<application>
  <component name="ProjectManager">
    <defaultProject>
      <component name="PropertiesComponent"><![CDATA[{
  "keyToString": {
    "settings.editor.selected.configurable": "configurable.group.editor"
  }
}]]></component>
      <component name="WindowStateProjectService">
        <state x="769" y="244" width="1022" height="737" key="SettingsEditor" timestamp="1687186948335">
          <screen x="0" y="32" width="2560" height="1408" />
        </state>
        <state x="769" y="244" width="1022" height="737" key="SettingsEditor/0.32.2560.1408" timestamp="1687186948335" />
      </component>
    </defaultProject>
  </component>
</application>